<?xml version="1.0" encoding="UTF-8" standalone="yes"?>
<addon id="plugin.video.DUGGZBUILDS" name="Duggz Builds Wizard" version="1.0.1" provider-name="Rob Dugmore">
  <requires>
    <import addon="xbmc.python" version="2.1.0"/>
  </requires>
  <extension point="xbmc.python.pluginsource" library="default.py">
        <provides>video executable</provides>
  </extension>
  <extension point="xbmc.addon.metadata">
    <summary lang="en">Duggz Builds Wizard</summary>
    <description lang="en">Duggz Builds bringing the Best Kodi has to offer all in one place.</description>
    <platform>all</platform>
  </extension>
</addon>
