<?xml version="1.0" encoding="UTF-8" standalone="yes"?>
<addon id="repository.schismtv.addons" name="[COLOR teal][B]SCHISM TV[/COLOR][COLOR white]Add-ons Repository[/B][/COLOR]" version="1.0.7" provider-name="Schism">
	<extension point="xbmc.addon.repository" name="SchisM TV Add-on Repository">
		<info compressed="true">https://raw.github.com/schismtv/schismtvrepo/master/addons.xml</info>
		<checksum>https://raw.github.com/schismtv/schismtvrepo/master/addons.xml.md5</checksum>
		<datadir zip="true">https://raw.github.com/schismtv/schismtvrepo/master/</datadir>
	</extension>
	<extension point="xbmc.addon.metadata">
		<summary>Install  add-ons from github.com/learningit</summary>
		<description>Releases of my addons - some may be under development</description>
		<platform>all</platform>
	</extension>
</addon>