<?xml version="1.0" encoding="UTF-8" standalone="yes"?>
<addon id="plugin.program.FelvsWizard" name="felvs Build Wizard" version="1.0.1" provider-name="Felv">
  <requires>
    <import addon="xbmc.python" version="2.1.0"/>
  </requires>
  <extension point="xbmc.python.pluginsource" library="default.py">
        <provides>video executable</provides>
  </extension>
  <extension point="xbmc.addon.metadata">
		<summary lang="en">Welcome to Felvs Wizard....enjoy</summary>
		<description lang="en">This Software is designed to keep your KODI device up to date and running smoothly with the latest build of your choice</description>
		<disclaimer lang="en">For help and support visit felvs wizard on facebook</disclaimer>
		<platform>all</platform>
	</extension>
</addon>
