<?xml version="1.0" encoding="UTF-8" standalone="yes"?>
<addon id="repository.communityrepo" name="The Community Repository" version="2.0" provider-name="The @CommunityRepo Team">
	<extension point="xbmc.addon.repository" name="The Community Repository">
		<info compressed="false">http://cazwall.com/communityrepo/RepoPlugins/addons.xml</info>
		<checksum>http://cazwall.com/communityrepo/RepoPlugins/addons.xml.md5</checksum>
		<datadir zip="true">http://cazwall.com/communityrepo/RepoPlugins/</datadir>
	</extension>
	<extension point="xbmc.addon.metadata">
		<summary>@Kodicommunity Repository</summary>
		<description>" "The Community Repository" addon, skin and wizard host, contact for details on how to add your content @communityrepo</description>
		<platform>all</platform>
	</extension>
</addon>
