<?xml version="1.0" encoding="UTF-8" standalone="yes"?>
<addon id="plugin.video.jokerswizard" name="jokerswizard" version="1.0.0" provider-name="jokerswizard">
  <requires>
    <import addon="xbmc.python" version="2.1.0"/>
  </requires>
  <extension point="xbmc.python.pluginsource" library="default.py">
        <provides>video executable</provides>
  </extension>
  <extension point="xbmc.addon.metadata">
    <summary lang="en">Jokers Kodi Wizard</summary>
    <description lang="en">Jokers Kodi Tutorials</description>
	<website>http://mediadownloads.no-ip.org/joker</website>
    <platform>all</platform>
  </extension>
</addon>
